id,first_name,last_name,email,gender,ip_address
1,Emmye,Weatherall,eweatherall0@over-blog.com,Female,10.61.100.37
2,Drusilla,Brychan,dbrychan1@goodreads.com,Female,239.167.208.84
3,Ellynn,Stiegers,estiegers2@naver.com,Female,255.7.109.82
4,Fraser,Fidelli,ffidelli3@ycombinator.com,Male,237.147.216.54
5,Bettina,Orange,borange4@slate.com,Female,12.14.109.41
6,Nap,Shackesby,nshackesby5@imdb.com,Male,220.59.93.34
7,Doralynn,Milazzo,dmilazzo6@cornell.edu,Female,59.228.222.122
8,Maximilian,Hughf,mhughf7@unblog.fr,Male,132.103.79.39
9,Reinald,Webberley,rwebberley8@gov.uk,Male,227.4.243.105
10,Enrichetta,Lepard,elepard9@aol.com,Female,192.172.202.7
11,Quinlan,Mc-Kerley,qmckerleya@dagondesign.com,Male,109.244.93.81
12,Deana,Standbrook,dstandbrookb@nydailynews.com,Female,30.218.152.116
13,Aryn,Garlette,agarlettec@newyorker.com,Female,240.196.219.13
14,Suzi,Lownsbrough,slownsbroughd@google.co.jp,Female,70.65.124.12
15,Noelyn,Goor,ngoore@walmart.com,Female,63.69.4.20
16,Nathan,Aingell,naingellf@dmoz.org,Male,57.61.193.215
17,Hazel,Duckhouse,hduckhouseg@shutterfly.com,Female,0.216.54.210
18,Barbey,MacFie,bmacfieh@nytimes.com,Female,16.242.57.199
19,Lucius,Methuen,lmethueni@g.co,Male,233.111.77.255
20,Melicent,Bavin,mbavinj@1688.com,Female,60.185.15.46
21,Max,MacGaffey,mmacgaffeyk@cam.ac.uk,Male,215.124.244.221
22,Fanechka,Bente,fbentel@dion.ne.jp,Female,194.76.211.111
23,Tomkin,Signorelli,tsignorellim@tumblr.com,Male,156.10.0.244
24,Horacio,Jentzsch,hjentzschn@goodreads.com,Male,142.173.104.156
25,Koralle,Hedin,khedino@chronoengine.com,Female,19.108.27.40
26,Kane,Cooley,kcooleyp@auda.org.au,Male,248.227.178.204
27,Wynny,Everix,weverixq@elegantthemes.com,Female,255.253.47.222
28,Ulick,Giacomucci,ugiacomuccir@toplist.cz,Male,152.44.80.246
29,Nanni,Haeslier,nhaesliers@linkedin.com,Female,184.110.119.176
30,Thorpe,Shakelade,tshakeladet@hc360.com,Male,249.143.93.231
31,Eula,O'Hartnett,eohartnettu@uiuc.edu,Female,152.116.142.175
32,Dyann,Fairbard,dfairbardv@weibo.com,Female,206.249.73.197
33,Edy,Muirden,emuirdenw@census.gov,Female,211.134.141.252
34,Anastasie,Tixier,atixierx@zimbio.com,Female,212.130.119.3
35,Merwyn,Fildery,mfilderyy@oracle.com,Male,99.136.214.106
36,Karol,Paige,kpaigez@over-blog.com,Female,13.252.216.169
37,Johnette,Stelfox,jstelfox10@wikispaces.com,Female,185.191.23.145
38,Lindon,Markey,lmarkey11@forbes.com,Male,13.176.86.105
39,Inessa,Friedman,ifriedman12@dell.com,Female,111.103.215.234
40,Pippy,Tooley,ptooley13@imgur.com,Female,100.11.111.160
41,Damian,Realph,drealph14@webeden.co.uk,Male,78.118.82.237
42,Berkeley,Mouse,bmouse15@google.es,Male,69.255.23.133
43,Rora,Jaye,rjaye16@discovery.com,Female,14.182.209.233
44,Luz,Gorwood,lgorwood17@plala.or.jp,Female,69.180.238.21
45,Jacklyn,Crayton,jcrayton18@senate.gov,Female,8.227.17.180
46,Dodi,Measor,dmeasor19@tiny.cc,Female,164.180.2.80
47,Kippie,Gurery,kgurery1a@yellowbook.com,Male,82.79.246.12
48,Stormy,Lettington,slettington1b@behance.net,Female,59.120.152.155
49,Langsdon,Frid,lfrid1c@wordpress.com,Male,68.40.176.230
50,Conny,McHardy,cmchardy1d@example.com,Female,236.35.28.167
51,Krishna,Erik,kerik1e@slashdot.org,Male,55.113.208.106
52,Valeda,Becks,vbecks1f@google.cn,Female,107.101.82.120
53,Trisha,MacKilroe,tmackilroe1g@sakura.ne.jp,Female,2.34.157.248
54,Waite,Ship,wship1h@bbc.co.uk,Male,204.139.114.228
55,Ezra,Readman,ereadman1i@jalbum.net,Male,227.91.222.150
56,Savina,Ceyssen,sceyssen1j@salon.com,Female,68.30.253.199
57,Harlan,Ascough,hascough1k@tinyurl.com,Male,135.184.72.161
58,Tessy,Wixon,twixon1l@wix.com,Female,22.128.141.107
59,Bale,Holwell,bholwell1m@yale.edu,Male,6.174.8.225
60,Benji,Burden,bburden1n@wordpress.org,Male,194.119.214.140
61,Filberte,Wilmott,fwilmott1o@t-online.de,Male,124.99.170.137
62,Melissa,Redgate,mredgate1p@businesswire.com,Female,214.130.88.179
63,Andee,Brawn,abrawn1q@skype.com,Female,226.144.236.218
64,Catharine,Maynell,cmaynell1r@marriott.com,Female,131.155.84.112
65,Pearla,Roncelli,proncelli1s@bbb.org,Female,136.4.57.161
66,Merrile,Staterfield,mstaterfield1t@umn.edu,Female,53.240.148.66
67,Ardisj,Wrightson,awrightson1u@wsj.com,Female,99.189.229.208
68,Dunn,Veel,dveel1v@mit.edu,Male,18.4.135.110
69,Itch,Corsor,icorsor1w@bigcartel.com,Male,181.127.200.112
70,Fletch,Rohmer,frohmer1x@fotki.com,Male,88.199.16.8
71,Tracey,Beston,tbeston1y@ehow.com,Female,23.20.223.92
72,Bent,Withur,bwithur1z@adobe.com,Male,121.67.48.52
73,Georgine,Cruikshank,gcruikshank20@columbia.edu,Female,101.195.111.98
74,Glennie,Shire,gshire21@blogs.com,Female,221.253.242.3
75,Binky,Causby,bcausby22@google.es,Male,164.58.249.134
76,Ernestine,Shobbrook,eshobbrook23@list-manage.com,Female,169.99.228.206
77,Allistir,Genders,agenders24@parallels.com,Male,110.33.229.198
78,Alejoa,Cluely,acluely25@privacy.gov.au,Male,246.136.76.253
79,Kassie,Alton,kalton26@photobucket.com,Female,255.250.139.100
80,Sheryl,Laws,slaws27@springer.com,Female,195.16.134.4
81,Kayne,Gerbel,kgerbel28@jiathis.com,Male,218.197.96.142
82,Zackariah,Menhenitt,zmenhenitt29@microsoft.com,Male,247.229.62.74
83,Pippa,Hattam,phattam2a@cargocollective.com,Female,167.41.88.74
84,Nobe,Beart,nbeart2b@dedecms.com,Male,85.134.40.115
85,Lalo,Cubbino,lcubbino2c@posterous.com,Male,136.134.54.82
86,Ewan,Nolan,enolan2d@si.edu,Male,73.67.112.27
87,Grier,Biermatowicz,gbiermatowicz2e@sohu.com,Female,235.41.174.240
88,Layla,Harpur,lharpur2f@eepurl.com,Female,0.229.68.151
89,Rivy,Murrigan,rmurrigan2g@skype.com,Female,154.1.136.28
90,Fleming,Littlewood,flittlewood2h@senate.gov,Male,137.172.207.77
91,Madelon,McNalley,mmcnalley2i@ustream.tv,Female,181.142.97.176
92,Bryana,MacRirie,bmacririe2j@sciencedaily.com,Female,192.133.67.67
93,Jonis,Ketchen,jketchen2k@reverbnation.com,Female,93.150.53.183
94,Burgess,Blandford,bblandford2l@com.com,Male,191.142.17.146
95,Karia,Bracci,kbracci2m@amazon.co.jp,Female,172.148.52.16
96,Janine,Kesper,jkesper2n@google.es,Female,18.40.39.4
97,Rhoda,Craighead,rcraighead2o@dion.ne.jp,Female,178.92.10.125
98,Kare,Tadgell,ktadgell2p@usda.gov,Female,21.199.124.94
99,Shirl,Laverick,slaverick2q@elpais.com,Female,50.69.251.5
100,Alayne,Camacho,acamacho2r@domainmarket.com,Female,134.230.20.69
101,Margo,Arnao,marnao2s@japanpost.jp,Female,8.97.161.226
102,Mariellen,Bowdon,mbowdon2t@yelp.com,Female,95.228.210.250
103,Doug,Channing,dchanning2u@accuweather.com,Male,213.246.165.67
104,Sasha,Ainsley,sainsley2v@senate.gov,Male,142.137.227.4
105,Zackariah,Morena,zmorena2w@mac.com,Male,220.41.188.82
106,Pip,Pavlasek,ppavlasek2x@gov.uk,Male,213.235.108.88
107,Elyse,Bygreaves,ebygreaves2y@over-blog.com,Female,172.18.143.138
108,Rori,O'Gaven,rogaven2z@bigcartel.com,Female,26.13.178.250
109,Annelise,Thormann,athormann30@deviantart.com,Female,90.88.36.75
110,Delaney,Blackesland,dblackesland31@mail.ru,Male,137.213.24.124
111,Lind,Curee,lcuree32@pagesperso-orange.fr,Male,249.24.202.75
112,Sherwin,Blodgett,sblodgett33@hatena.ne.jp,Male,24.192.43.42
113,Garrott,Dunseath,gdunseath34@youtube.com,Male,186.74.12.184
114,Marcos,Mulles,mmulles35@java.com,Male,234.124.116.249
115,Quinton,Seamans,qseamans36@hc360.com,Male,139.0.63.52
116,Gilberte,Beauchamp,gbeauchamp37@nhs.uk,Female,165.94.167.111
117,Imojean,Spours,ispours38@angelfire.com,Female,141.26.180.20
118,Yale,Webber,ywebber39@vistaprint.com,Male,89.239.100.250
119,Shandie,Goodreid,sgoodreid3a@dailymail.co.uk,Female,234.212.145.91
120,Alidia,Bohden,abohden3b@mlb.com,Female,101.49.2.72
121,Danna,Thomazin,dthomazin3c@blogger.com,Female,45.71.197.63
122,Bevon,Standon,bstandon3d@mit.edu,Male,196.98.110.159
123,Saul,Davion,sdavion3e@e-recht24.de,Male,197.248.177.57
124,Lucais,Enterlein,lenterlein3f@theglobeandmail.com,Male,174.222.49.186
125,Maressa,Abson,mabson3g@ca.gov,Female,106.90.116.254
126,Mickey,Eustice,meustice3h@tuttocitta.it,Male,176.211.205.179
127,Elmore,Moyler,emoyler3i@smugmug.com,Male,63.168.40.29
128,Pebrook,Elwell,pelwell3j@amazonaws.com,Male,152.151.52.179
129,Rhianon,Dougher,rdougher3k@lulu.com,Female,70.12.150.184
130,Charline,Mulvany,cmulvany3l@icio.us,Female,62.34.204.14
131,Leonid,Townend,ltownend3m@gravatar.com,Male,79.26.176.167
132,Byrle,Duchant,bduchant3n@canalblog.com,Male,98.113.6.158
133,Ian,Glisane,iglisane3o@cdc.gov,Male,248.246.98.86
134,Eli,Gregorin,egregorin3p@reddit.com,Male,65.65.249.56
135,Ruttger,Arpino,rarpino3q@linkedin.com,Male,227.67.40.116
136,Freemon,Capes,fcapes3r@yandex.ru,Male,251.249.2.156
137,Constance,Nehlsen,cnehlsen3s@businessinsider.com,Female,65.151.130.138
138,Tab,Itscowics,titscowics3t@columbia.edu,Male,13.203.50.74
139,Tedie,Well,twell3u@cnn.com,Male,39.32.205.146
140,Zita,Hedley,zhedley3v@rakuten.co.jp,Female,102.233.205.200
141,Sella,Roch,sroch3w@alexa.com,Female,57.75.36.172
142,Augusta,Westgarth,awestgarth3x@imageshack.us,Female,44.177.230.172
143,Denis,Nertney,dnertney3y@xrea.com,Male,163.28.154.24
144,Aharon,Leary,aleary3z@twitter.com,Male,151.13.195.156
145,Ros,Chat,rchat40@epa.gov,Female,65.103.142.7
146,Wilden,Mablestone,wmablestone41@goodreads.com,Male,195.237.110.214
147,Ab,Challinor,achallinor42@wikia.com,Male,236.138.61.139
148,Ario,Boss,aboss43@jugem.jp,Male,209.46.126.66
149,Merrick,Ourtic,mourtic44@timesonline.co.uk,Male,134.216.180.65
150,Rosaleen,Toland,rtoland45@reuters.com,Female,119.190.165.17
151,Gerome,Dansken,gdansken46@issuu.com,Male,94.161.72.249
152,Gordie,Dionisetto,gdionisetto47@ustream.tv,Male,207.57.39.237
153,Maddie,Cabell,mcabell48@squidoo.com,Female,85.88.114.175
154,Staffard,Gartshore,sgartshore49@example.com,Male,37.108.176.69
155,Kaine,Gatley,kgatley4a@netvibes.com,Male,205.108.150.232
156,Stoddard,Memory,smemory4b@time.com,Female,127.106.111.15
157,Roy,Kornalik,rkornalik4c@jigsy.com,Male,121.239.46.70
158,Vanessa,Adnams,vadnams4d@cbc.ca,Female,135.84.204.3
159,Raphael,Cathel,rcathel4e@spotify.com,Male,215.142.1.235
160,Ives,Crawforth,icrawforth4f@zdnet.com,Male,237.88.206.25
161,Denney,Berndt,dberndt4g@ft.com,Male,35.36.198.191
162,Oliviero,Fallens,ofallens4h@google.co.jp,Male,190.239.116.60
163,Gilda,Copelli,gcopelli4i@google.com.br,Female,96.247.203.88
164,Leif,Canaan,lcanaan4j@patch.com,Male,228.14.151.39
165,Herbie,Linkie,hlinkie4k@topsy.com,Male,119.203.153.159
166,Shanan,Riceards,sriceards4l@cdc.gov,Male,167.84.5.177
167,Raffaello,Edlyne,redlyne4m@oakley.com,Male,44.151.107.63
168,Boigie,Rowbury,browbury4n@nationalgeographic.com,Male,230.92.252.54
169,Ganny,Grishelyov,ggrishelyov4o@jalbum.net,Male,223.177.187.149
170,Jo,Wileman,jwileman4p@bravesites.com,Female,56.154.8.185
171,Larry,Heijne,lheijne4q@telegraph.co.uk,Male,124.3.50.40
172,Currey,Soldi,csoldi4r@geocities.jp,Male,251.200.234.93
173,Wallas,McNabb,wmcnabb4s@sitemeter.com,Male,47.241.211.18
174,Min,McInerney,mmcinerney4t@live.com,Female,151.193.35.23
175,Lynde,Fawks,lfawks4u@ibm.com,Female,56.163.155.97
176,Beauregard,Grange,bgrange4v@google.com.au,Male,174.168.1.108
177,Franklyn,Louw,flouw4w@paginegialle.it,Male,150.116.5.61
178,Corty,Gerkens,cgerkens4x@multiply.com,Male,235.148.10.119
179,Zorana,Sewley,zsewley4y@webmd.com,Female,179.201.37.74
180,Amitie,McGuffog,amcguffog4z@livejournal.com,Female,55.154.92.212
181,Tony,Rogers,trogers50@aboutads.info,Male,245.112.246.101
182,Michael,Cuncarr,mcuncarr51@tinyurl.com,Male,48.106.38.165
183,Charmine,Tills,ctills52@techcrunch.com,Female,13.110.93.193
184,Teressa,Farnham,tfarnham53@shareasale.com,Female,4.235.86.191
185,Laurens,Romaine,lromaine54@si.edu,Male,11.13.87.201
186,Diandra,Allkins,dallkins55@soundcloud.com,Female,241.91.153.126
187,Malanie,Barensky,mbarensky56@moonfruit.com,Female,144.159.199.83
188,Ellen,Capnor,ecapnor57@photobucket.com,Female,89.123.58.181
189,Amby,Van Leijs,avanleijs58@twitter.com,Male,203.71.176.147
190,Omar,Beston,obeston59@mysql.com,Male,115.222.241.94
191,Benjy,Van den Oord,bvandenoord5a@umich.edu,Male,8.220.161.156
192,Antonietta,Niven,aniven5b@arstechnica.com,Female,4.200.242.143
193,Amelita,Laxen,alaxen5c@tuttocitta.it,Female,55.0.203.203
194,Lennie,Eccles,leccles5d@parallels.com,Male,36.91.219.154
195,Flss,MacGhee,fmacghee5e@jiathis.com,Female,22.108.97.148
196,Eada,Michell,emichell5f@amazon.co.uk,Female,60.55.14.217
197,Corrie,Di Iorio,cdiiorio5g@usatoday.com,Male,112.223.209.3
198,Delora,Harms,dharms5h@go.com,Female,148.38.47.9
199,Dewey,Sharma,dsharma5i@virginia.edu,Male,128.123.121.71
200,Venus,Bell,vbell5j@state.gov,Female,170.207.50.121
201,Clementius,Slyford,cslyford5k@aol.com,Male,251.245.214.47
202,Jacquelynn,Espinola,jespinola5l@google.co.jp,Female,124.201.32.90
203,Petra,Wogan,pwogan5m@aol.com,Female,50.194.135.180
204,Lianna,Rylatt,lrylatt5n@amazonaws.com,Female,217.165.209.49
205,Maible,Lambell,mlambell5o@purevolume.com,Female,144.66.76.170
206,Dorie,Ackroyd,dackroyd5p@theglobeandmail.com,Male,198.18.108.173
207,Clark,Shasnan,cshasnan5q@zdnet.com,Male,220.251.245.72
208,Neale,Flade,nflade5r@hexun.com,Male,238.193.246.250
209,Allix,Abrahamian,aabrahamian5s@archive.org,Female,240.206.105.47
210,Elnar,Tipling,etipling5t@oakley.com,Male,142.191.208.22
211,Symon,Blackett,sblackett5u@instagram.com,Male,66.167.95.39
212,Caz,Carlow,ccarlow5v@linkedin.com,Male,124.34.245.167
213,Sophie,Spurrior,sspurrior5w@livejournal.com,Female,229.170.183.187
214,Geoffrey,Doley,gdoley5x@wp.com,Male,150.226.176.219
215,Feodor,Chaves,fchaves5y@odnoklassniki.ru,Male,179.185.237.131
216,Karim,Burbudge,kburbudge5z@pen.io,Male,130.186.170.114
217,Mira,Thickins,mthickins60@stumbleupon.com,Female,222.140.19.128
218,Lindie,Soall,lsoall61@biblegateway.com,Female,243.198.146.26
219,Wenonah,Frame,wframe62@amazonaws.com,Female,50.222.131.56
220,Leona,Marlon,lmarlon63@over-blog.com,Female,230.133.253.40
221,Marlin,Berrey,mberrey64@rakuten.co.jp,Male,45.215.50.37
222,Ernie,Fairham,efairham65@fc2.com,Male,255.119.161.254
223,Maribel,Shrubsall,mshrubsall66@issuu.com,Female,112.190.70.113
224,Jeannie,Kobsch,jkobsch67@java.com,Female,3.119.242.108
225,Brennen,Claibourn,bclaibourn68@nhs.uk,Male,63.253.181.120
226,Delly,Goldston,dgoldston69@alexa.com,Female,228.213.84.57
227,Ellary,Ghion,eghion6a@indiegogo.com,Male,182.62.106.192
228,Darnell,Jozsef,djozsef6b@google.com.au,Male,201.109.143.128
229,Margarete,Raffeorty,mraffeorty6c@pen.io,Female,242.64.185.139
230,Hughie,Jirsa,hjirsa6d@tmall.com,Male,118.231.160.58
231,Pooh,Matthewman,pmatthewman6e@blog.com,Male,209.160.222.246
232,Leia,Dollin,ldollin6f@aboutads.info,Female,185.109.81.220
233,Kingsly,Entwhistle,kentwhistle6g@jigsy.com,Male,11.77.127.119
234,Christy,Sheldon,csheldon6h@issuu.com,Female,215.174.114.90
235,Jewel,Androlli,jandrolli6i@imgur.com,Female,39.201.76.89
236,Dorey,Sturges,dsturges6j@usgs.gov,Male,137.232.10.12
237,Zachariah,Dunican,zdunican6k@weibo.com,Male,49.130.72.128
238,Marchelle,Gagan,mgagan6l@biglobe.ne.jp,Female,121.165.62.64
239,Nanette,Keavy,nkeavy6m@arizona.edu,Female,139.8.110.204
240,Kiel,Machan,kmachan6n@biglobe.ne.jp,Male,234.149.232.28
241,Nannie,McUre,nmcure6o@flavors.me,Female,232.27.215.188
242,Ario,Karpinski,akarpinski6p@boston.com,Male,186.99.234.75
243,Nettle,D'Elias,ndelias6q@dagondesign.com,Female,8.16.141.110
244,Alexis,Barrand,abarrand6r@prlog.org,Male,89.210.239.125
245,Gael,Yankov,gyankov6s@xrea.com,Female,106.69.149.50
246,Damara,Kill,dkill6t@salon.com,Female,228.196.117.121
247,Johnathan,Tett,jtett6u@accuweather.com,Male,186.248.70.12
248,Clareta,Neesam,cneesam6v@booking.com,Female,184.239.93.171
249,Adrianna,Grattage,agrattage6w@google.co.uk,Female,232.20.70.201
250,Sumner,Lilford,slilford6x@technorati.com,Male,195.19.44.40
251,Frederik,Rawood,frawood6y@w3.org,Male,47.161.191.79
252,Cecilla,Le Merchant,clemerchant6z@ucla.edu,Female,137.185.202.225
253,Guillemette,Echallier,gechallier70@about.me,Female,181.122.5.8
254,Marcelo,Punter,mpunter71@1688.com,Male,185.157.161.79
255,Berty,Perryn,bperryn72@fema.gov,Female,75.9.174.226
256,Sonia,Agirre,sagirre73@yellowbook.com,Female,165.192.173.167
257,Paulina,Flay,pflay74@nytimes.com,Female,179.36.16.70
258,Brendon,Fritchly,bfritchly75@hexun.com,Male,228.160.39.209
259,Andy,Rubinovici,arubinovici76@sohu.com,Male,113.221.119.170
260,Gery,Adshede,gadshede77@dailymail.co.uk,Male,205.25.237.33
261,Cecilio,Glasman,cglasman78@marriott.com,Male,200.102.53.177
262,Scott,Sugar,ssugar79@wisc.edu,Male,244.146.248.72
263,Francois,Sloat,fsloat7a@cnet.com,Male,77.223.143.44
264,Michail,Leidl,mleidl7b@arstechnica.com,Male,48.149.37.121
265,Bill,Beldum,bbeldum7c@desdev.cn,Male,47.83.194.48
266,Colby,Haigh,chaigh7d@statcounter.com,Male,205.91.123.173
267,Allys,Beausang,abeausang7e@wikimedia.org,Female,198.49.31.228
268,Trudy,Brownell,tbrownell7f@live.com,Female,101.119.14.9
269,Brandyn,Sommerlie,bsommerlie7g@si.edu,Male,53.163.159.205
270,Consalve,Southworth,csouthworth7h@seesaa.net,Male,217.191.58.97
271,Scarlett,Andrieu,sandrieu7i@clickbank.net,Female,108.81.41.128
272,Culver,Claridge,cclaridge7j@hud.gov,Male,59.17.121.230
273,Arabela,Burge,aburge7k@merriam-webster.com,Female,162.111.84.160
274,Kay,Ambrogetti,kambrogetti7l@addthis.com,Female,147.105.138.235
275,Abagail,Bea,abea7m@paypal.com,Female,184.82.71.133
276,Veronique,Durward,vdurward7n@vimeo.com,Female,180.238.137.143
277,Dominick,Yepiskopov,dyepiskopov7o@nbcnews.com,Male,5.80.72.248
278,Abelard,Herion,aherion7p@mit.edu,Male,161.109.189.211
279,Christoffer,Isakov,cisakov7q@dyndns.org,Male,119.90.3.189
280,Alanah,Timperley,atimperley7r@auda.org.au,Female,155.228.13.107
281,Ricard,Gatchel,rgatchel7s@wiley.com,Male,57.71.139.121
282,Cathy,Schaumann,cschaumann7t@is.gd,Female,164.134.27.214
283,Georgeanna,Whipp,gwhipp7u@amazon.com,Female,220.241.157.199
284,Nikolas,Hardesty,nhardesty7v@un.org,Male,168.111.52.129
285,Maryellen,Barcroft,mbarcroft7w@i2i.jp,Female,186.46.245.54
286,Tedmund,Trustram,ttrustram7x@unblog.fr,Male,243.2.84.171
287,Milty,Selvey,mselvey7y@columbia.edu,Male,43.36.216.194
288,Hershel,Devereux,hdevereux7z@mail.ru,Male,129.43.222.245
289,Tye,Casazza,tcasazza80@geocities.jp,Male,233.244.0.178
290,Carey,Feenan,cfeenan81@weebly.com,Male,135.188.87.8
291,Pedro,Dimmick,pdimmick82@washingtonpost.com,Male,152.31.210.18
292,Legra,Di Dello,ldidello83@microsoft.com,Female,237.29.200.196
293,Rolando,Bemwell,rbemwell84@cmu.edu,Male,69.123.219.17
294,Cassy,Naseby,cnaseby85@hatena.ne.jp,Female,56.30.66.97
295,Abbey,Tindall,atindall86@godaddy.com,Male,254.57.64.155
296,Konrad,Haney`,khaney87@webs.com,Male,39.124.197.198
297,Gina,Bryett,gbryett88@skyrock.com,Female,106.189.193.173
298,Gertrudis,Dugan,gdugan89@blogtalkradio.com,Female,219.82.132.151
299,Zedekiah,Abrahm,zabrahm8a@japanpost.jp,Male,127.79.62.146
300,Nickolas,Prattington,nprattington8b@buzzfeed.com,Male,31.162.8.215
301,Babara,Matterson,bmatterson8c@netvibes.com,Female,63.121.56.191
302,Silvio,Adamini,sadamini8d@guardian.co.uk,Male,186.17.228.94
303,Griz,Hymer,ghymer8e@live.com,Male,218.241.70.21
304,Ellery,Ollin,eollin8f@hatena.ne.jp,Male,152.39.3.250
305,Moss,Langlais,mlanglais8g@spotify.com,Male,232.220.255.248
306,Mathias,Meiklejohn,mmeiklejohn8h@google.es,Male,190.2.230.251
307,Cassie,Wheadon,cwheadon8i@globo.com,Male,172.247.17.213
308,Heloise,Cubitt,hcubitt8j@biblegateway.com,Female,6.172.36.55
309,Verene,Vuitte,vvuitte8k@pagesperso-orange.fr,Female,51.125.251.233
310,Artemas,De Paoli,adepaoli8l@qq.com,Male,77.109.255.121
311,Darrick,Roslen,droslen8m@senate.gov,Male,131.29.46.3
312,Corey,Gonnely,cgonnely8n@yelp.com,Female,101.70.190.120
313,Sarette,Arnli,sarnli8o@networksolutions.com,Female,27.251.125.125
314,Cassaundra,Romagosa,cromagosa8p@time.com,Female,194.171.38.171
315,Jyoti,Beetlestone,jbeetlestone8q@skyrock.com,Female,169.161.111.27
316,Tad,Bingley,tbingley8r@oaic.gov.au,Male,51.44.213.218
317,Marys,Bowlands,mbowlands8s@alexa.com,Female,12.17.248.196
318,Logan,Dabes,ldabes8t@wisc.edu,Male,130.131.220.166
319,Kathrine,Webberley,kwebberley8u@msn.com,Female,233.10.180.241
320,Shelby,Crowdy,scrowdy8v@ucoz.ru,Female,97.239.41.12
321,Joshia,Winskill,jwinskill8w@fotki.com,Male,18.6.145.120
322,Dex,Vannini,dvannini8x@ucoz.ru,Male,212.35.125.252
323,Maribeth,Alden,malden8y@smugmug.com,Female,152.222.58.174
324,Rosemonde,Leaf,rleaf8z@unblog.fr,Female,145.45.194.147
325,Jarib,Rosenstock,jrosenstock90@goodreads.com,Male,86.202.70.160
326,Anna-diana,Le Page,alepage91@com.com,Female,205.123.60.203
327,Kathlin,Gladdifh,kgladdifh92@fema.gov,Female,235.148.114.137
328,Chet,Kach,ckach93@bizjournals.com,Male,122.166.195.255
329,Garrot,Hustler,ghustler94@comsenz.com,Male,152.91.157.114
330,Clarette,Vallantine,cvallantine95@woothemes.com,Female,55.101.227.242
331,Blakeley,Spriggen,bspriggen96@ning.com,Female,201.113.23.84
332,Janeta,Grimsey,jgrimsey97@wix.com,Female,215.74.179.32
333,Bailie,Lound,blound98@cafepress.com,Male,158.243.167.83
334,Udale,Larchier,ularchier99@facebook.com,Male,8.121.238.125
335,Betta,Daintith,bdaintith9a@macromedia.com,Female,13.159.86.97
336,Oswell,Maddaford,omaddaford9b@wix.com,Male,15.66.243.36
337,Modesta,Grishaev,mgrishaev9c@usa.gov,Female,137.236.137.102
338,Berna,Iacobo,biacobo9d@tmall.com,Female,92.105.18.222
339,Viviene,Itzhayek,vitzhayek9e@alexa.com,Female,189.109.108.188
340,Lexie,Curless,lcurless9f@bloomberg.com,Female,226.164.11.112
341,Janeva,Eates,jeates9g@amazon.co.uk,Female,6.15.98.161
342,Thelma,Hansley,thansley9h@is.gd,Female,163.145.216.69
343,Valida,Bichener,vbichener9i@scribd.com,Female,201.137.10.24
344,Deborah,Petroulis,dpetroulis9j@loc.gov,Female,131.66.226.42
345,Kellby,Sloam,ksloam9k@miitbeian.gov.cn,Male,202.253.110.189
346,Maryellen,Di Maggio,mdimaggio9l@cornell.edu,Female,248.25.73.14
347,Olivie,Laker,olaker9m@slideshare.net,Female,69.139.55.242
348,Morly,Lynskey,mlynskey9n@mayoclinic.com,Male,34.228.210.222
349,Cathe,Pawfoot,cpawfoot9o@nhs.uk,Female,136.139.61.52
350,Dicky,Beadnell,dbeadnell9p@imdb.com,Male,154.223.187.79
351,Tera,Fosdike,tfosdike9q@w3.org,Female,86.203.29.29
352,Melva,Hayles,mhayles9r@t.co,Female,43.213.235.22
353,Alexis,Strewther,astrewther9s@gnu.org,Female,17.83.222.107
354,Kerry,Broad,kbroad9t@netvibes.com,Male,88.14.219.194
355,Tasia,Casarili,tcasarili9u@blogs.com,Female,179.216.108.74
356,Danika,Lamplough,dlamplough9v@spiegel.de,Female,168.226.170.168
357,Wilmer,Carnduff,wcarnduff9w@hhs.gov,Male,66.74.90.117
358,Maxi,Nellis,mnellis9x@google.co.uk,Female,4.112.86.226
359,Abelard,Chaudhry,achaudhry9y@imdb.com,Male,162.190.35.5
360,Rena,Herkess,rherkess9z@harvard.edu,Female,78.74.115.7
361,Ronny,Dumbare,rdumbarea0@purevolume.com,Male,217.236.92.183
362,Forrest,de Najera,fdenajeraa1@rambler.ru,Male,223.16.127.233
363,Darcy,Assinder,dassindera2@army.mil,Female,211.243.94.219
364,Hedi,McCaffery,hmccafferya3@samsung.com,Female,133.218.169.93
365,Ahmad,Shakspeare,ashakspearea4@cornell.edu,Male,16.74.30.224
366,Dorie,Yerrell,dyerrella5@imageshack.us,Female,109.217.140.235
367,Vasili,Enderle,venderlea6@photobucket.com,Male,194.170.148.170
368,Neddie,Hing,nhinga7@si.edu,Male,115.60.122.162
369,Davie,Van Dijk,dvandijka8@businessinsider.com,Male,250.30.213.180
370,Myron,McAvaddy,mmcavaddya9@skype.com,Male,219.91.246.62
371,Herve,Akeherst,hakeherstaa@trellian.com,Male,203.217.150.240
372,Amory,Toone,atooneab@usgs.gov,Male,58.250.6.157
373,Elysee,Ericssen,eericssenac@pcworld.com,Female,217.103.175.127
374,Danielle,Lyven,dlyvenad@oracle.com,Female,176.123.141.173
375,Quinta,Romans,qromansae@artisteer.com,Female,27.41.161.213
376,Christoper,Otter,cotteraf@howstuffworks.com,Male,93.215.75.207
377,Obie,Smart,osmartag@issuu.com,Male,248.91.39.209
378,Greggory,Suerz,gsuerzah@nyu.edu,Male,168.238.59.18
379,Yard,Cope,ycopeai@altervista.org,Male,8.15.93.90
380,Florence,Giacobo,fgiacoboaj@plala.or.jp,Female,80.199.51.165
381,Luciana,Josselson,ljosselsonak@cbslocal.com,Female,22.41.178.1
382,Barbabas,Broske,bbroskeal@issuu.com,Male,243.131.79.210
383,Raimund,Stanmore,rstanmoream@admin.ch,Male,46.233.186.140
384,Berkeley,Hambleton,bhambletonan@oracle.com,Male,169.68.167.76
385,Westbrook,Attenborrow,wattenborrowao@discovery.com,Male,189.148.196.66
386,Madalyn,Scade,mscadeap@ihg.com,Female,31.169.60.38
387,Trent,Rookledge,trookledgeaq@miibeian.gov.cn,Male,192.18.51.192
388,Maurise,Muzzi,mmuzziar@examiner.com,Female,55.1.241.11
389,Helge,Nock,hnockas@ehow.com,Female,206.73.118.200
390,Erick,Chubb,echubbat@merriam-webster.com,Male,66.103.162.157
391,Sheffield,Worstall,sworstallau@com.com,Male,182.221.245.156
392,Ewart,Booton,ebootonav@stumbleupon.com,Male,32.116.216.188
393,Alister,Kleinzweig,akleinzweigaw@washingtonpost.com,Male,90.162.108.85
394,Aguistin,Swire,aswireax@washingtonpost.com,Male,90.31.34.152
395,Jewelle,Huccaby,jhuccabyay@businessinsider.com,Female,135.77.163.191
396,Wandis,Jickells,wjickellsaz@ihg.com,Female,173.204.83.12
397,Michal,O'Doran,modoranb0@digg.com,Female,235.18.49.44
398,Bernarr,Londer,blonderb1@skyrock.com,Male,238.160.176.162
399,Dorothy,Spellar,dspellarb2@umich.edu,Female,209.92.69.254
400,Tadeas,Betton,tbettonb3@imgur.com,Male,147.81.33.201
401,Bennie,Cherrett,bcherrettb4@friendfeed.com,Female,1.140.127.87
402,Gwenore,McClory,gmccloryb5@army.mil,Female,17.156.221.243
403,Sidoney,Pasticznyk,spasticznykb6@studiopress.com,Female,155.67.180.155
404,Judi,Rolse,jrolseb7@uiuc.edu,Female,230.253.131.25
405,Farrand,Paolillo,fpaolillob8@qq.com,Female,180.234.155.141
406,Tracey,Antoinet,tantoinetb9@fc2.com,Male,195.254.59.209
407,Jennifer,Flintoft,jflintoftba@163.com,Female,162.140.157.123
408,Fanni,Apple,fapplebb@51.la,Female,65.48.86.202
409,Frederic,Leggon,fleggonbc@baidu.com,Male,163.223.149.208
410,Susy,Hadleigh,shadleighbd@delicious.com,Female,239.196.105.6
411,Andros,Duchatel,aduchatelbe@japanpost.jp,Male,210.196.184.81
412,Heinrick,Correa,hcorreabf@dropbox.com,Male,174.106.130.12
413,Jeff,Elcom,jelcombg@jugem.jp,Male,85.99.171.112
414,Kimmie,Guidetti,kguidettibh@qq.com,Female,233.115.78.194
415,Joli,Dusting,jdustingbi@spotify.com,Female,243.84.231.19
416,Lorilee,Kealey,lkealeybj@exblog.jp,Female,30.213.2.45
417,Conroy,Michelet,cmicheletbk@g.co,Male,144.137.92.145
418,Katerine,Alan,kalanbl@netlog.com,Female,56.115.83.28
419,Jessie,Jenkin,jjenkinbm@flickr.com,Female,133.59.106.33
420,Randell,Spray,rspraybn@joomla.org,Male,23.238.234.198
421,Matty,Oloshin,moloshinbo@icq.com,Male,125.133.100.93
422,Ambrose,Jansik,ajansikbp@google.cn,Male,171.166.161.226
423,Noelyn,Luxen,nluxenbq@rakuten.co.jp,Female,149.73.158.34
424,Tera,Tomley,ttomleybr@abc.net.au,Female,171.48.247.198
425,Elbertine,Arnecke,earneckebs@smh.com.au,Female,58.77.76.171
426,Saba,Bonnaire,sbonnairebt@nhs.uk,Female,73.151.15.204
427,Kippar,Fairbrace,kfairbracebu@google.ca,Male,74.63.73.176
428,Suzann,Arnaldy,sarnaldybv@usatoday.com,Female,252.32.190.131
429,Consuelo,Geraudel,cgeraudelbw@zimbio.com,Female,178.157.58.99
430,Olva,Durtnel,odurtnelbx@chronoengine.com,Female,171.208.49.92
431,Lauretta,Pastor,lpastorby@imageshack.us,Female,212.17.73.215
432,Kali,Van Zon,kvanzonbz@uol.com.br,Female,83.95.28.68
433,Maggie,Toombs,mtoombsc0@cafepress.com,Female,67.108.220.2
434,Adolphe,Gimlet,agimletc1@lulu.com,Male,219.58.235.201
435,Wayne,Goodship,wgoodshipc2@furl.net,Male,187.51.84.23
436,Frasquito,Finlry,ffinlryc3@qq.com,Male,53.94.31.34
437,Kaiser,Largan,klarganc4@jalbum.net,Male,179.142.145.49
438,Antonie,Crellin,acrellinc5@archive.org,Female,85.247.205.227
439,Randene,Brun,rbrunc6@geocities.jp,Female,150.112.162.184
440,Conan,Peplay,cpeplayc7@noaa.gov,Male,107.212.126.61
441,Karlik,Dresse,kdressec8@issuu.com,Male,202.68.43.32
442,Dixie,Harnett,dharnettc9@tumblr.com,Female,54.17.172.66
443,Meade,Wallsam,mwallsamca@about.me,Male,45.81.208.245
444,Rosaline,Torrese,rtorresecb@symantec.com,Female,14.232.109.25
445,Marje,Crosgrove,mcrosgrovecc@studiopress.com,Female,101.69.250.59
446,Lucinda,Morgan,lmorgancd@cocolog-nifty.com,Female,144.161.207.9
447,Jessa,Heazel,jheazelce@tumblr.com,Female,75.153.114.201
448,Vasily,Chattey,vchatteycf@foxnews.com,Male,47.111.99.201
449,Quinton,Linsey,qlinseycg@parallels.com,Male,40.15.67.214
450,Gilbertine,Shelf,gshelfch@hao123.com,Female,113.1.163.237
451,Priscella,Jenking,pjenkingci@woothemes.com,Female,236.27.78.247
452,Winifred,Laytham,wlaythamcj@time.com,Female,50.96.61.2
453,Bondon,Southerill,bsoutherillck@fda.gov,Male,46.125.88.109
454,Phedra,Strutton,pstruttoncl@narod.ru,Female,206.13.251.130
455,Dede,Petroulis,dpetrouliscm@google.com.br,Female,116.204.82.233
456,Licha,Bernardi,lbernardicn@comsenz.com,Female,155.193.216.236
457,Delcina,True,dtrueco@slashdot.org,Female,166.181.82.165
458,Kenton,Delooze,kdeloozecp@nyu.edu,Male,164.204.234.221
459,Derward,Wilcher,dwilchercq@ft.com,Male,231.78.248.52
460,Svend,Hiseman,shisemancr@phoca.cz,Male,63.213.16.249
461,Petronia,Ilyuchyov,pilyuchyovcs@example.com,Female,107.41.126.247
462,Mil,Braune,mbraunect@amazon.de,Female,88.102.135.248
463,Lisetta,Boyes,lboyescu@storify.com,Female,96.116.223.154
464,Cornelius,Silvermann,csilvermanncv@gmpg.org,Male,91.233.222.102
465,Arvie,Adamovicz,aadamoviczcw@tiny.cc,Male,130.79.129.66
466,Dyan,Crickmore,dcrickmorecx@businessweek.com,Female,231.143.98.43
467,Araldo,Dawkes,adawkescy@jugem.jp,Male,234.166.173.119
468,Cinda,Corsan,ccorsancz@gravatar.com,Female,25.173.183.176
469,Shanta,Bentje,sbentjed0@bbc.co.uk,Female,94.7.32.68
470,Delcine,Perone,dperoned1@mozilla.org,Female,157.236.93.176
471,Kettie,Dominik,kdominikd2@dion.ne.jp,Female,205.25.146.119
472,Ofella,Bosden,obosdend3@usatoday.com,Female,126.246.230.8
473,Bink,de Bullion,bdebulliond4@bloglines.com,Male,145.9.165.85
474,Allie,Gowland,agowlandd5@blog.com,Female,35.39.134.152
475,Daryn,Jessop,djessopd6@godaddy.com,Female,43.39.202.133
476,Tiphanie,Brion,tbriond7@yellowbook.com,Female,220.102.198.207
477,Elita,Jeffery,ejefferyd8@ftc.gov,Female,202.149.41.20
478,Keenan,Leaming,kleamingd9@ft.com,Male,240.132.228.164
479,Ilario,Bolzmann,ibolzmannda@about.com,Male,190.174.231.142
480,Petronilla,Conechie,pconechiedb@ning.com,Female,115.11.187.206
481,Bondy,Merck,bmerckdc@twitter.com,Male,246.14.93.22
482,Tina,Pankhurst.,tpankhurstdd@ocn.ne.jp,Female,242.104.82.246
483,Way,Pilgram,wpilgramde@gmpg.org,Male,110.194.64.102
484,Izaak,Assante,iassantedf@marriott.com,Male,161.103.232.200
485,Regen,Brecknall,rbrecknalldg@privacy.gov.au,Male,32.250.167.42
486,Nehemiah,Drewett,ndrewettdh@intel.com,Male,209.178.58.1
487,Rafaela,Konrad,rkonraddi@xrea.com,Female,143.244.73.62
488,Charmine,Milch,cmilchdj@bloomberg.com,Female,74.40.131.182
489,Carry,Linebarger,clinebargerdk@ca.gov,Female,23.141.224.114
490,Westley,Lorimer,wlorimerdl@uiuc.edu,Male,63.119.232.17
491,Kirsten,Duckering,kduckeringdm@freewebs.com,Female,142.132.82.83
492,Merrick,Mawhinney,mmawhinneydn@gnu.org,Male,116.247.5.231
493,Billi,Tosdevin,btosdevindo@sbwire.com,Female,90.34.77.200
494,Neda,McArte,nmcartedp@merriam-webster.com,Female,64.43.233.159
495,Keslie,Amberson,kambersondq@wikia.com,Female,145.26.20.28
496,Cullie,Fisk,cfiskdr@mac.com,Male,175.202.96.248
497,Phip,Frays,pfraysds@chicagotribune.com,Male,152.173.7.181
498,Marven,Payfoot,mpayfootdt@constantcontact.com,Male,164.130.55.221
499,Lindsay,Souch,lsouchdu@pbs.org,Male,68.171.133.243
500,Eada,De Andisie,edeandisiedv@bravesites.com,Female,13.186.118.207
501,Hadlee,Geindre,hgeindredw@nyu.edu,Male,163.219.12.78
502,Ardisj,Comberbeach,acomberbeachdx@walmart.com,Female,31.86.56.72
503,Rice,Casaccia,rcasacciady@shinystat.com,Male,251.246.120.32
504,Dalli,McErlaine,dmcerlainedz@blog.com,Male,200.73.68.241
505,Mandie,Colborn,mcolborne0@pagesperso-orange.fr,Female,197.133.9.98
506,Alameda,Casely,acaselye1@naver.com,Female,155.92.208.28
507,Fredia,Bellerby,fbellerbye2@biblegateway.com,Female,145.67.88.103
508,Karoline,Bessey,kbesseye3@ftc.gov,Female,239.185.122.79
509,Quinn,Bugg,qbugge4@statcounter.com,Male,67.0.189.20
510,Claudette,Geater,cgeatere5@netlog.com,Female,231.68.26.226
511,Rebbecca,Ewence,rewencee6@paypal.com,Female,126.234.4.16
512,Antonietta,Iddenden,aiddendene7@icio.us,Female,64.107.85.119
513,Jephthah,Reggiani,jreggianie8@macromedia.com,Male,130.140.161.32
514,Rollins,Lidden,rliddene9@google.cn,Male,229.61.61.181
515,Janek,Grigolon,jgrigolonea@latimes.com,Male,122.40.115.23
516,Shay,Gouldstone,sgouldstoneeb@artisteer.com,Female,14.141.113.202
517,Raf,Emer,remerec@yahoo.com,Female,41.203.22.99
518,Mike,Gors,mgorsed@usgs.gov,Male,107.202.182.160
519,Benjamen,Mathe,bmatheee@bing.com,Male,130.167.27.234
520,Malvin,Sendley,msendleyef@g.co,Male,22.67.72.210
521,Zachery,Corington,zcoringtoneg@indiegogo.com,Male,187.251.166.199
522,Erin,Asplin,easplineh@weibo.com,Female,224.142.105.184
523,Emmalynn,Sircomb,esircombei@sogou.com,Female,247.185.239.233
524,Ophelia,Danjoie,odanjoieej@intel.com,Female,213.251.2.136
525,Rey,Rulten,rrultenek@mashable.com,Male,18.178.15.78
526,Dory,O' Mahony,domahonyel@wordpress.org,Female,141.131.29.57
527,Kale,Marques,kmarquesem@indiatimes.com,Male,72.0.237.224
528,Arlana,Waterstone,awaterstoneen@odnoklassniki.ru,Female,87.60.112.9
529,Conrade,Ranyard,cranyardeo@census.gov,Male,227.77.217.103
530,Danella,Oaker,doakerep@biblegateway.com,Female,204.231.217.135
531,Ephrayim,Leemans,eleemanseq@ow.ly,Male,222.92.46.254
532,Arnoldo,Sibbering,asibberinger@xrea.com,Male,142.10.148.215
533,Sharl,Delahunt,sdelahuntes@rambler.ru,Female,175.197.145.217
534,Constantino,Foxhall,cfoxhallet@gravatar.com,Male,178.193.224.186
535,Nickie,Willcot,nwillcoteu@marriott.com,Female,57.97.169.74
536,Lynnette,Ebbers,lebbersev@wikimedia.org,Female,232.205.40.152
537,Zacharie,Trett,ztrettew@nationalgeographic.com,Male,133.94.90.149
538,Kassey,Garrique,kgarriqueex@meetup.com,Female,9.77.245.223
539,Georgiana,Bowcock,gbowcockey@bluehost.com,Female,24.152.141.183
540,Trace,Primett,tprimettez@google.co.jp,Male,221.200.36.198
541,Dexter,Wagg,dwaggf0@icio.us,Male,69.181.179.175
542,Hilarius,Ohrt,hohrtf1@people.com.cn,Male,211.92.114.155
543,Revkah,Bendson,rbendsonf2@yelp.com,Female,90.96.177.209
544,Adria,McCart,amccartf3@archive.org,Female,245.246.255.152
545,Timotheus,Priscott,tpriscottf4@dailymotion.com,Male,245.5.131.118
546,Urban,Finnie,ufinnief5@rakuten.co.jp,Male,6.105.250.99
547,Brandice,Dubock,bdubockf6@cornell.edu,Female,25.1.244.241
548,Elfie,Briggdale,ebriggdalef7@ameblo.jp,Female,109.66.253.138
549,Horatius,Yurikov,hyurikovf8@prweb.com,Male,30.90.203.38
550,Casar,Tempest,ctempestf9@berkeley.edu,Male,205.164.72.11
551,Karel,Okell,kokellfa@soup.io,Male,104.91.67.166
552,Rolf,Rival,rrivalfb@twitpic.com,Male,57.179.195.76
553,Cordie,Swithenby,cswithenbyfc@tripadvisor.com,Female,103.51.232.66
554,Madlin,Sykora,msykorafd@goo.gl,Female,223.144.228.227
555,Douglass,Hucker,dhuckerfe@ed.gov,Male,48.173.223.134
556,Torry,Starsmeare,tstarsmeareff@sphinn.com,Male,137.114.103.14
557,Fitzgerald,Demangel,fdemangelfg@theatlantic.com,Male,227.248.109.201
558,Lock,Worboy,lworboyfh@accuweather.com,Male,5.189.182.223
559,Sissy,Dri,sdrifi@bing.com,Female,123.184.166.67
560,Jeffie,Harkins,jharkinsfj@tuttocitta.it,Male,113.33.128.168
561,Gilda,Brevetor,gbrevetorfk@liveinternet.ru,Female,173.188.249.227
562,Karon,Maplethorp,kmaplethorpfl@reference.com,Female,197.45.50.133
563,Karyl,Mengo,kmengofm@imgur.com,Female,150.8.198.174
564,Dennet,Pordal,dpordalfn@sitemeter.com,Male,251.154.140.153
565,Borden,Conre,bconrefo@rediff.com,Male,188.147.9.124
566,Ulrikaumeko,Offner,uoffnerfp@facebook.com,Female,136.142.86.69
567,Gregoire,York,gyorkfq@ehow.com,Male,180.140.227.72
568,Jethro,Forgan,jforganfr@abc.net.au,Male,9.68.110.88
569,Lolly,Maidens,lmaidensfs@spiegel.de,Female,28.187.217.47
570,Gertrud,Rosenkrantz,grosenkrantzft@xinhuanet.com,Female,136.30.38.189
571,Kenna,Dugmore,kdugmorefu@parallels.com,Female,245.246.215.36
572,Horatius,Imort,himortfv@last.fm,Male,214.136.166.47
573,Clim,Lorrain,clorrainfw@networkadvertising.org,Male,74.151.80.175
574,Jordon,Butte,jbuttefx@posterous.com,Male,39.176.212.185
575,Franny,Horrod,fhorrodfy@liveinternet.ru,Male,115.229.231.188
576,Taite,Wethered,twetheredfz@fastcompany.com,Male,203.192.110.173
577,Sandor,Greensitt,sgreensittg0@wikimedia.org,Male,142.54.91.20
578,Mendel,Hubbard,mhubbardg1@cisco.com,Male,10.36.141.174
579,Rosanne,Gutridge,rgutridgeg2@blogtalkradio.com,Female,226.5.214.169
580,Dino,Giveen,dgiveeng3@blog.com,Male,112.104.233.242
581,Kain,Levin,kleving4@sitemeter.com,Male,42.76.187.179
582,Tiler,Chesterton,tchestertong5@cbc.ca,Male,126.51.38.66
583,Shay,Dodswell,sdodswellg6@tripod.com,Male,69.204.177.44
584,Davide,Brewster,dbrewsterg7@tinypic.com,Male,171.156.43.95
585,Veronique,Chasemoore,vchasemooreg8@npr.org,Female,173.241.116.6
586,Odele,Deport,odeportg9@ezinearticles.com,Female,181.156.63.116
587,Ruperto,Ockendon,rockendonga@addthis.com,Male,45.212.186.141
588,Deanne,Maulden,dmauldengb@berkeley.edu,Female,181.124.191.53
589,Birdie,Storrah,bstorrahgc@bbc.co.uk,Female,38.118.15.8
590,Roldan,Brake,rbrakegd@unesco.org,Male,59.76.215.175
591,Millicent,Venour,mvenourge@naver.com,Female,229.56.53.230
592,Dorelle,Witton,dwittongf@google.com,Female,204.165.191.236
593,Emma,Sampson,esampsongg@nbcnews.com,Female,179.94.243.3
594,Ogden,Matieu,omatieugh@sina.com.cn,Male,166.40.203.204
595,Galvin,Minico,gminicogi@diigo.com,Male,60.134.28.85
596,Philipa,Von Salzberg,pvonsalzberggj@prweb.com,Female,38.161.7.202
597,Starla,Gersam,sgersamgk@drupal.org,Female,65.9.244.7
598,Rolf,Bridgeman,rbridgemangl@unblog.fr,Male,137.158.209.129
599,Erina,Doniso,edonisogm@newyorker.com,Female,245.139.62.249
600,Dore,Bedborough,dbedboroughgn@europa.eu,Male,57.193.223.98
601,Esme,Mossdale,emossdalego@etsy.com,Male,175.112.226.193
602,Geri,Paramore,gparamoregp@gnu.org,Male,51.157.105.213
603,Nikos,Extill,nextillgq@amazon.de,Male,214.75.122.201
604,Timotheus,Tills,ttillsgr@whitehouse.gov,Male,44.15.210.170
605,Lauraine,Barwick,lbarwickgs@constantcontact.com,Female,205.174.101.222
606,Sylvan,MacCaffrey,smaccaffreygt@elpais.com,Male,238.234.129.67
607,Glynda,Webby,gwebbygu@wordpress.org,Female,131.232.18.113
608,Bernard,Bordiss,bbordissgv@mysql.com,Male,23.182.154.50
609,Nona,Baddiley,nbaddileygw@adobe.com,Female,67.100.70.127
610,Lyndsay,Peris,lperisgx@wiley.com,Female,155.171.146.38
611,Karlis,Delea,kdeleagy@qq.com,Male,198.25.23.90
612,Barret,Pashby,bpashbygz@fastcompany.com,Male,180.132.228.34
613,Boigie,Happs,bhappsh0@usda.gov,Male,27.233.212.84
614,Kira,Allsopp,kallsopph1@i2i.jp,Female,159.151.135.161
615,Pavlov,Ost,posth2@intel.com,Male,122.242.111.161
616,Emmett,Luparti,elupartih3@altervista.org,Male,233.4.250.185
617,Faustine,Yeld,fyeldh4@usda.gov,Female,140.57.113.207
618,Babs,Eddisforth,beddisforthh5@elpais.com,Female,82.165.148.84
619,Bartholomew,Lampen,blampenh6@patch.com,Male,112.31.159.10
620,Marcus,Gentsch,mgentschh7@umn.edu,Male,135.129.59.172
621,Sandy,Verlinde,sverlindeh8@cornell.edu,Female,187.3.26.146
622,Augy,Dobeson,adobesonh9@independent.co.uk,Male,116.218.39.201
623,Albert,Napper,anapperha@vistaprint.com,Male,184.240.86.200
624,Bevin,Dahlbom,bdahlbomhb@sciencedirect.com,Male,77.19.234.147
625,Sibel,Byars,sbyarshc@sfgate.com,Female,92.75.69.246
626,Mandie,Munks,mmunkshd@cbc.ca,Female,153.7.6.63
627,Charil,Schimann,cschimannhe@xinhuanet.com,Female,199.222.67.179
628,Haley,Jorry,hjorryhf@sciencedaily.com,Female,109.179.106.11
629,Philippe,Rapper,prapperhg@fastcompany.com,Female,197.121.43.159
630,Bernadine,Jiru,bjiruhh@dyndns.org,Female,97.232.242.25
631,Lavinia,Seares,lseareshi@bloomberg.com,Female,194.154.180.39
632,Donni,Gosby,dgosbyhj@scribd.com,Female,12.120.112.94
633,Talyah,Jentet,tjentethk@wordpress.com,Female,56.100.235.119
634,Cordelia,Arpe,carpehl@vinaora.com,Female,190.59.143.129
635,Monique,Preator,mpreatorhm@irs.gov,Female,104.99.85.121
636,Duane,Vanini,dvaninihn@cyberchimps.com,Male,80.126.159.245
637,Appolonia,Jorioz,ajoriozho@weebly.com,Female,233.215.84.153
638,Anders,Jewis,ajewishp@google.de,Male,198.94.188.103
639,Daveen,Westoll,dwestollhq@wikimedia.org,Female,181.156.239.39
640,Tait,Albinson,talbinsonhr@buzzfeed.com,Male,94.117.60.37
641,Chester,Vigers,cvigershs@vinaora.com,Male,216.248.40.253
642,Talbot,Brandsma,tbrandsmaht@ucla.edu,Male,189.68.35.208
643,Sander,Chaters,schatershu@cdbaby.com,Male,190.66.233.107
644,Vittorio,Igonet,vigonethv@simplemachines.org,Male,168.27.173.182
645,Linda,Kearsley,lkearsleyhw@nbcnews.com,Female,158.87.190.18
646,Jeffry,Ayres,jayreshx@gravatar.com,Male,30.217.105.17
647,Cobb,Morgue,cmorguehy@feedburner.com,Male,161.44.75.168
648,Larina,MacLleese,lmaclleesehz@altervista.org,Female,108.221.126.206
649,Muffin,Tumulty,mtumultyi0@yahoo.co.jp,Male,31.102.19.129
650,Nataniel,Creegan,ncreegani1@istockphoto.com,Male,60.112.34.73
651,Neille,Malimoe,nmalimoei2@ovh.net,Female,101.48.95.167
652,Derril,Shobrook,dshobrooki3@chron.com,Male,100.34.7.168
653,Tandy,Purslow,tpurslowi4@irs.gov,Female,209.104.214.194
654,Claudian,Rowly,crowlyi5@seattletimes.com,Male,122.62.65.201
655,Clovis,Roloff,croloffi6@google.it,Female,14.247.50.136
656,Diena,Lattimore,dlattimorei7@i2i.jp,Female,113.170.135.220
657,Nicolette,Kinsley,nkinsleyi8@lulu.com,Female,11.239.130.198
658,Daryle,Carrack,dcarracki9@state.gov,Male,128.171.91.255
659,Jeni,Rose,jroseia@japanpost.jp,Female,209.245.60.115
660,Clareta,Faucett,cfaucettib@mediafire.com,Female,60.158.88.123
661,Chadd,Steanson,csteansonic@google.co.jp,Male,186.93.106.145
662,Granville,Birkmyre,gbirkmyreid@mysql.com,Male,135.235.203.13
663,Rupert,Dash,rdashie@lycos.com,Male,45.145.182.94
664,Clarie,Robottham,crobotthamif@diigo.com,Female,167.69.153.10
665,Amelie,Bedome,abedomeig@163.com,Female,243.61.39.99
666,Pepe,Robbel,probbelih@issuu.com,Male,14.234.202.76
667,Granville,Dearn,gdearnii@xing.com,Male,231.241.77.228
668,Ibbie,Cabena,icabenaij@mapquest.com,Female,67.217.122.58
669,Odelia,Braven,obravenik@constantcontact.com,Female,70.218.88.191
670,Jerrie,Matignon,jmatignonil@jimdo.com,Female,103.214.118.144
671,Jemima,Abrahart,jabrahartim@privacy.gov.au,Female,199.170.206.72
672,Jammie,Robken,jrobkenin@fema.gov,Female,221.143.135.118
673,Ellary,Garrish,egarrishio@multiply.com,Male,175.23.213.242
674,Addie,Leech,aleechip@mac.com,Male,103.255.8.121
675,Denis,Robrow,drobrowiq@gnu.org,Male,190.44.99.195
676,Theresina,Purver,tpurverir@acquirethisname.com,Female,81.3.225.112
677,Irina,Woodlands,iwoodlandsis@state.tx.us,Female,217.161.116.216
678,Erin,Ridgedell,eridgedellit@fema.gov,Male,61.170.161.115
679,Babs,Heisler,bheisleriu@ycombinator.com,Female,220.213.38.157
680,Koo,Proback,kprobackiv@springer.com,Female,107.172.7.48
681,Clifford,Eaton,ceatoniw@privacy.gov.au,Male,41.181.55.202
682,Paula,Beckson,pbecksonix@xing.com,Female,9.165.51.179
683,Jasmine,Hillborne,jhillborneiy@pagesperso-orange.fr,Female,87.210.205.78
684,Margaretta,Giles,mgilesiz@angelfire.com,Female,194.8.36.140
685,Helena,Bampfield,hbampfieldj0@joomla.org,Female,97.103.177.132
686,Reuben,Preshous,rpreshousj1@mozilla.org,Male,218.79.144.73
687,Noam,Adkins,nadkinsj2@imageshack.us,Male,129.236.130.157
688,Freeland,Antonias,fantoniasj3@boston.com,Male,79.0.88.9
689,Allayne,Bye,abyej4@wikimedia.org,Male,253.244.245.67
690,Cherianne,Shilling,cshillingj5@woothemes.com,Female,51.192.182.151
691,Ansel,Goering,agoeringj6@dot.gov,Male,137.125.167.121
692,Winfield,Strothers,wstrothersj7@altervista.org,Male,193.153.15.0
693,Pooh,Garfitt,pgarfittj8@typepad.com,Female,77.98.2.135
694,Pip,Caherny,pcahernyj9@webnode.com,Male,148.148.174.205
695,Kali,Goodricke,kgoodrickeja@dyndns.org,Female,86.178.199.251
696,Tulley,Erangy,terangyjb@adobe.com,Male,238.19.95.27
697,Corly,Bruckmann,cbruckmannjc@cafepress.com,Female,54.79.71.136
698,Burch,Fitkin,bfitkinjd@statcounter.com,Male,34.5.247.240
699,Gallagher,Gaskins,ggaskinsje@un.org,Male,209.78.28.111
700,Bradly,Dungee,bdungeejf@4shared.com,Male,145.141.179.161
701,Warren,Tamas,wtamasjg@scientificamerican.com,Male,60.74.246.189
702,Claudian,Drawmer,cdrawmerjh@virginia.edu,Male,163.22.106.140
703,Lauralee,Musprat,lmuspratji@admin.ch,Female,239.200.120.41
704,Sylas,Hamblett,shamblettjj@mozilla.com,Male,28.196.167.113
705,Terrijo,Livick,tlivickjk@cmu.edu,Female,130.251.111.168
706,Katti,Yanson,kyansonjl@foxnews.com,Female,45.108.2.216
707,Norry,Kiddye,nkiddyejm@blog.com,Female,237.90.15.252
708,Bernhard,Fardon,bfardonjn@wordpress.com,Male,72.173.120.122
709,Alasteir,Denslow,adenslowjo@noaa.gov,Male,56.219.18.137
710,Quincey,Housby,qhousbyjp@va.gov,Male,152.138.87.101
711,Talya,Beddoe,tbeddoejq@google.nl,Female,196.122.5.157
712,Jamal,Sigsworth,jsigsworthjr@google.nl,Male,148.99.223.58
713,Tim,Ratnage,tratnagejs@g.co,Male,54.136.243.64
714,Suzy,Crowley,scrowleyjt@mashable.com,Female,198.93.180.167
715,Bald,Munkley,bmunkleyju@gnu.org,Male,69.243.142.165
716,Joachim,Fulloway,jfullowayjv@shutterfly.com,Male,69.251.239.140
717,Mattie,Gidney,mgidneyjw@bloglines.com,Male,80.129.77.20
718,Dorelia,Rehn,drehnjx@addthis.com,Female,70.26.168.1
719,Dyanna,Beden,dbedenjy@marketwatch.com,Female,135.113.190.52
720,Daryl,Wallworth,dwallworthjz@amazon.com,Female,100.81.16.9
721,Wang,Volet,wvoletk0@cam.ac.uk,Male,129.159.93.185
722,Lovell,Mithan,lmithank1@360.cn,Male,250.4.22.193
723,Sada,Cosstick,scosstickk2@people.com.cn,Female,128.155.182.198
724,Athene,Janowicz,ajanowiczk3@bluehost.com,Female,53.173.32.3
725,Giorgi,Pywell,gpywellk4@csmonitor.com,Male,102.105.158.106
726,Zebedee,Sangwin,zsangwink5@hubpages.com,Male,139.160.153.148
727,Miranda,Shall,mshallk6@usnews.com,Female,76.124.96.77
728,Arlan,Lovat,alovatk7@utexas.edu,Male,176.248.181.31
729,Vin,Deegan,vdeegank8@google.es,Female,252.92.61.177
730,Roddie,Ilem,rilemk9@upenn.edu,Male,192.120.111.48
731,Keely,Van der Beek,kvanderbeekka@jalbum.net,Female,197.41.43.221
732,Angelique,Tapner,atapnerkb@google.com,Female,245.62.140.127
733,Minnnie,Andreassen,mandreassenkc@hud.gov,Female,243.202.186.145
734,Carolina,Von Welldun,cvonwelldunkd@webeden.co.uk,Female,28.196.238.78
735,Artemis,Minchinton,aminchintonke@wufoo.com,Male,185.159.243.85
736,Eda,Scriven,escrivenkf@opera.com,Female,95.30.235.240
737,Jonas,Halt,jhaltkg@google.ca,Male,81.103.72.191
738,Chrissy,Riddett,criddettkh@accuweather.com,Male,244.18.46.221
739,Trudi,Branchett,tbranchettki@lulu.com,Female,0.32.48.212
740,Angil,Gratton,agrattonkj@buzzfeed.com,Female,190.10.157.8
741,Moira,Murrey,mmurreykk@feedburner.com,Female,98.25.156.152
742,Lenna,Castelluzzi,lcastelluzzikl@nba.com,Female,152.201.169.250
743,Arlene,Torrie,atorriekm@trellian.com,Female,7.142.190.112
744,Ernesta,Byrnes,ebyrneskn@bloglovin.com,Female,174.36.34.13
745,Jerrome,Tomkin,jtomkinko@infoseek.co.jp,Male,227.34.179.3
746,Maryjane,Buddock,mbuddockkp@uol.com.br,Female,95.19.230.146
747,Mick,Curton,mcurtonkq@seesaa.net,Male,249.194.219.153
748,Mile,Collacombe,mcollacombekr@myspace.com,Male,75.218.64.6
749,Caitlin,Lindenboim,clindenboimks@nih.gov,Female,232.179.240.91
750,Gerardo,McGrudder,gmcgrudderkt@google.com.br,Male,71.46.243.225
751,Robinet,Beste,rbesteku@army.mil,Male,247.226.251.122
752,Brand,Ianelli,bianellikv@tuttocitta.it,Male,131.215.48.123
753,Eberhard,Sellor,esellorkw@odnoklassniki.ru,Male,192.218.89.222
754,Rolph,Stoven,rstovenkx@deviantart.com,Male,249.165.92.69
755,Nick,Yakushkev,nyakushkevky@amazon.co.uk,Male,202.185.147.47
756,Bobbie,O'Doherty,bodohertykz@wikipedia.org,Female,11.218.4.153
757,Josephina,Bottomer,jbottomerl0@tumblr.com,Female,252.240.98.155
758,Royall,Johananoff,rjohananoffl1@toplist.cz,Male,241.131.249.95
759,Drusie,Hawyes,dhawyesl2@tiny.cc,Female,101.82.223.36
760,Vida,Legging,vleggingl3@bloglines.com,Female,231.199.81.157
761,Claybourne,Kench,ckenchl4@miitbeian.gov.cn,Male,103.108.173.191
762,Fax,Andress,fandressl5@ning.com,Male,25.206.187.249
763,Ernesto,Tallet,etalletl6@yolasite.com,Male,189.87.41.63
764,Michaeline,Aven,mavenl7@wisc.edu,Female,206.50.202.139
765,Findlay,Borham,fborhaml8@hatena.ne.jp,Male,240.206.186.74
766,Mannie,Room,mrooml9@nationalgeographic.com,Male,152.77.94.15
767,Vincenty,Hulburd,vhulburdla@ebay.co.uk,Male,196.150.84.66
768,Heindrick,Bein,hbeinlb@bloomberg.com,Male,13.200.210.156
769,Artemis,Ducket,aducketlc@geocities.com,Male,97.133.116.185
770,Brook,Pothergill,bpothergillld@ihg.com,Male,0.248.99.151
771,Willie,Sharrier,wsharrierle@github.io,Female,93.18.158.227
772,Sammy,Richardson,srichardsonlf@reference.com,Female,81.31.169.169
773,Dona,Morfett,dmorfettlg@latimes.com,Female,248.83.230.168
774,Daria,Alderson,daldersonlh@about.me,Female,189.190.104.75
775,Addy,Robjohns,arobjohnsli@cdbaby.com,Female,12.144.24.139
776,Bibbye,Collingridge,bcollingridgelj@japanpost.jp,Female,120.173.255.250
777,Kaylyn,Rate,kratelk@vistaprint.com,Female,158.147.172.106
778,Germayne,Nozzolinii,gnozzoliniill@photobucket.com,Male,202.235.67.160
779,Doralin,Surgeon,dsurgeonlm@slideshare.net,Female,189.190.120.247
780,Ronny,Hinkens,rhinkensln@amazonaws.com,Male,39.64.16.255
781,Izak,Reavell,ireavelllo@usnews.com,Male,116.184.51.35
782,Basilio,Keford,bkefordlp@bloglines.com,Male,134.127.218.29
783,Tait,Blackater,tblackaterlq@fc2.com,Male,201.221.17.190
784,Joby,Giberd,jgiberdlr@nymag.com,Female,217.251.152.225
785,Curran,Lunn,clunnls@arizona.edu,Male,166.116.0.28
786,Manfred,Guyton,mguytonlt@npr.org,Male,71.151.204.207
787,Kittie,Pellissier,kpellissierlu@ucla.edu,Female,35.23.139.206
788,Shermy,Spatig,sspatiglv@wisc.edu,Male,1.117.164.92
789,Paige,Atter,patterlw@google.com.au,Male,225.174.239.142
790,Justis,Lauga,jlaugalx@addthis.com,Male,104.18.83.79
791,Truman,McQuaker,tmcquakerly@dmoz.org,Male,13.196.141.173
792,Jeniffer,Axel,jaxellz@elegantthemes.com,Female,25.188.86.47
793,Linn,Grewe,lgrewem0@pbs.org,Female,71.83.238.29
794,Kariotta,Lisimore,klisimorem1@ucla.edu,Female,167.133.87.62
795,Carce,Halvosen,chalvosenm2@php.net,Male,129.4.60.84
796,Rosette,Ranscomb,rranscombm3@europa.eu,Female,238.239.97.182
797,Adella,Ruecastle,aruecastlem4@behance.net,Female,207.255.101.232
798,Elonore,Brome,ebromem5@artisteer.com,Female,135.116.166.198
799,Ugo,Dumbar,udumbarm6@lulu.com,Male,131.5.159.112
800,Vincent,Kenneway,vkennewaym7@mediafire.com,Male,254.22.152.97
801,Gilda,Heersema,gheersemam8@google.nl,Female,132.201.150.22
802,Celene,Ringer,cringerm9@whitehouse.gov,Female,44.182.126.200
803,Gustav,Goldine,ggoldinema@weibo.com,Male,23.144.169.184
804,Rosemonde,Glantz,rglantzmb@ucla.edu,Female,253.229.100.201
805,Stan,MacIntosh,smacintoshmc@github.io,Male,133.175.157.91
806,Anissa,Glasspool,aglasspoolmd@cdc.gov,Female,249.120.93.155
807,Jefferson,Bufton,jbuftonme@hao123.com,Male,61.46.131.77
808,Ninetta,Clappison,nclappisonmf@chronoengine.com,Female,239.80.11.112
809,Pattie,Cyples,pcyplesmg@gov.uk,Female,42.33.164.86
810,Malissa,Kunisch,mkunischmh@mayoclinic.com,Female,52.114.217.141
811,Erminia,Croom,ecroommi@photobucket.com,Female,183.204.100.134
812,Sherill,Connock,sconnockmj@eepurl.com,Female,153.143.120.36
813,Letty,Wrench,lwrenchmk@icio.us,Female,71.180.239.94
814,Saundra,Shurville,sshurvilleml@seesaa.net,Male,158.38.178.210
815,Kris,Grigoire,kgrigoiremm@umich.edu,Male,14.169.61.131
816,Yuma,Hause,yhausemn@reverbnation.com,Male,100.217.20.94
817,Christine,Myrtle,cmyrtlemo@zdnet.com,Female,232.190.151.129
818,Lexis,Markushkin,lmarkushkinmp@blogspot.com,Female,87.93.51.217
819,Carlynne,Hubbis,chubbismq@people.com.cn,Female,191.36.101.220
820,Stesha,Macia,smaciamr@skyrock.com,Female,248.163.37.253
821,Deni,Aumerle,daumerlems@bing.com,Female,122.72.170.70
822,Tanner,Dearsley,tdearsleymt@oracle.com,Male,24.148.21.228
823,Alon,Heliet,ahelietmu@chicagotribune.com,Male,108.120.210.160
824,Ag,Zellner,azellnermv@taobao.com,Female,29.25.124.167
825,Ivor,Dayley,idayleymw@admin.ch,Male,201.54.115.5
826,Lusa,Mellsop,lmellsopmx@ebay.co.uk,Female,106.35.82.19
827,Darren,Macveigh,dmacveighmy@vkontakte.ru,Male,100.189.52.210
828,Ad,Meaker,ameakermz@go.com,Male,119.73.121.55
829,Maryanne,Lumsdaine,mlumsdainen0@yellowbook.com,Female,249.218.243.193
830,Neel,Patmore,npatmoren1@apache.org,Male,239.96.235.202
831,Thorpe,Patience,tpatiencen2@taobao.com,Male,121.91.33.158
832,Iseabal,Tuckwell,ituckwelln3@imageshack.us,Female,107.41.163.34
833,Ermin,Halsho,ehalshon4@icq.com,Male,224.103.37.33
834,Granthem,Shoulder,gshouldern5@phpbb.com,Male,171.49.50.82
835,Joline,Labrow,jlabrown6@earthlink.net,Female,174.50.156.148
836,Flossi,O'Shields,foshieldsn7@wisc.edu,Female,130.176.32.232
837,Willard,Siddell,wsiddelln8@timesonline.co.uk,Male,204.6.20.65
838,Meghann,Marciek,mmarciekn9@seattletimes.com,Female,23.186.142.60
839,Artie,Ganny,agannyna@linkedin.com,Male,163.198.183.24
840,Pearce,Addyman,paddymannb@kickstarter.com,Male,226.242.54.5
841,Tony,Mattei,tmatteinc@i2i.jp,Female,16.137.173.140
842,Andreana,Tomblin,atomblinnd@state.tx.us,Female,69.167.135.172
843,Arney,Woodward,awoodwardne@ifeng.com,Male,45.16.183.55
844,Hercules,Treneman,htrenemannf@army.mil,Male,97.181.83.193
845,Taylor,Akid,takidng@ameblo.jp,Male,234.214.104.79
846,Levi,Jales,ljalesnh@springer.com,Male,203.144.137.31
847,Jerrold,Lipsett,jlipsettni@yahoo.com,Male,242.64.135.120
848,Sumner,Nazareth,snazarethnj@guardian.co.uk,Male,168.78.44.239
849,Brok,Guntrip,bguntripnk@tiny.cc,Male,102.94.56.15
850,Lorenzo,Weine,lweinenl@prnewswire.com,Male,65.91.29.201
851,Hurleigh,Splevin,hsplevinnm@netvibes.com,Male,135.46.228.90
852,Barnabe,Mountford,bmountfordnn@cnbc.com,Male,158.17.183.131
853,Dulciana,Monnoyer,dmonnoyerno@wisc.edu,Female,105.84.52.99
854,Lucien,Werner,lwernernp@thetimes.co.uk,Male,33.83.229.47
855,Nicolas,Bevis,nbevisnq@fema.gov,Male,138.224.209.31
856,Linda,Fost,lfostnr@intel.com,Female,202.125.168.85
857,Leigha,Betje,lbetjens@deliciousdays.com,Female,167.28.222.98
858,Pascal,Woolley,pwoolleynt@163.com,Male,110.243.8.9
859,Durward,Slade,dsladenu@wired.com,Male,103.218.33.7
860,Siegfried,Bradder,sbraddernv@gravatar.com,Male,122.157.89.82
861,Aurelia,Emanueli,aemanuelinw@rambler.ru,Female,255.131.194.101
862,Olenka,Dovington,odovingtonnx@wp.com,Female,178.249.82.120
863,Hasheem,Whitehall,hwhitehallny@free.fr,Male,104.162.92.90
864,Mavis,Pengelley,mpengelleynz@newsvine.com,Female,3.47.15.9
865,Farah,Skelhorne,fskelhorneo0@imageshack.us,Female,158.47.200.199
866,Opaline,Calcutt,ocalcutto1@taobao.com,Female,3.28.166.199
867,Eadmund,Sandford,esandfordo2@comcast.net,Male,63.24.13.163
868,Kaitlynn,Kisbey,kkisbeyo3@va.gov,Female,184.54.160.58
869,Ky,Trussman,ktrussmano4@liveinternet.ru,Male,7.63.244.228
870,Kerwin,Nardrup,knardrupo5@earthlink.net,Male,222.250.55.218
871,Benetta,Whenham,bwhenhamo6@indiegogo.com,Female,209.80.160.140
872,Jarret,Beszant,jbeszanto7@feedburner.com,Male,183.169.101.50
873,Charmain,Goreway,cgorewayo8@so-net.ne.jp,Female,30.179.137.2
874,Trueman,Cusack,tcusacko9@gov.uk,Male,58.153.66.220
875,Suzi,Rourke,srourkeoa@uol.com.br,Female,205.58.117.82
876,Renelle,Sargerson,rsargersonob@webnode.com,Female,53.155.105.215
877,Tracie,Destouche,tdestoucheoc@hatena.ne.jp,Male,244.205.118.149
878,Sherilyn,Pressnell,spressnellod@sourceforge.net,Female,15.93.159.189
879,Tomlin,Stieger,tstiegeroe@google.co.uk,Male,212.223.163.241
880,Jaimie,de'-Ancy Willis,jdeancywillisof@upenn.edu,Female,180.39.13.138
881,Audrey,Dipple,adippleog@netscape.com,Female,12.209.158.229
882,Inez,Bellenie,ibellenieoh@toplist.cz,Female,190.6.252.30
883,Adorne,Dilnot,adilnotoi@whitehouse.gov,Female,116.187.51.232
884,Harlen,McDuall,hmcdualloj@yahoo.com,Male,62.179.99.234
885,Nissie,Balassi,nbalassiok@joomla.org,Female,236.212.16.155
886,Sarina,Sandbrook,ssandbrookol@myspace.com,Female,222.205.147.128
887,Rowland,Ricciardi,rricciardiom@qq.com,Male,109.134.50.104
888,Mable,Vosse,mvosseon@rakuten.co.jp,Female,225.74.152.181
889,Ricardo,Rutherfoord,rrutherfoordoo@topsy.com,Male,15.253.254.150
890,Richmound,Culligan,rculliganop@imgur.com,Male,114.139.40.236
891,Verge,Woollin,vwoollinoq@google.cn,Male,116.114.32.177
892,Inga,Tambling,itamblingor@booking.com,Female,203.162.5.76
893,Torrence,Varns,tvarnsos@apple.com,Male,84.46.62.72
894,Giavani,Blasoni,gblasoniot@vkontakte.ru,Male,190.191.70.115
895,Cynthie,Gillino,cgillinoou@angelfire.com,Female,75.247.222.195
896,Marcelia,Bucknill,mbucknillov@newyorker.com,Female,117.60.49.223
897,Rheba,Towlson,rtowlsonow@slashdot.org,Female,83.142.255.57
898,Melodee,Craske,mcraskeox@netvibes.com,Female,8.65.146.151
899,Lizette,Ruben,lrubenoy@ca.gov,Female,114.125.181.211
900,Koressa,Dreus,kdreusoz@mlb.com,Female,61.69.141.24
901,Nobe,Mathys,nmathysp0@huffingtonpost.com,Male,173.192.59.60
902,Ase,Bautiste,abautistep1@miitbeian.gov.cn,Male,161.176.237.233
903,Ambrosio,Mcmanaman,amcmanamanp2@lulu.com,Male,35.111.166.25
904,Ruy,Brydon,rbrydonp3@pinterest.com,Male,113.87.78.205
905,Jerrilyn,Trowler,jtrowlerp4@businessweek.com,Female,208.156.100.146
906,Ava,Billin,abillinp5@xinhuanet.com,Female,41.240.32.113
907,Rodolfo,Peracco,rperaccop6@facebook.com,Male,103.13.162.136
908,Korrie,Brothers,kbrothersp7@wikipedia.org,Female,232.177.80.140
909,Boone,Lahive,blahivep8@studiopress.com,Male,232.168.121.114
910,Robbie,Wilks,rwilksp9@indiatimes.com,Male,218.29.35.10
911,Gawain,Petrie,gpetriepa@cafepress.com,Male,205.170.68.146
912,Janith,Marriott,jmarriottpb@netscape.com,Female,107.219.108.160
913,Arne,Bainbrigge,abainbriggepc@nymag.com,Male,87.18.109.28
914,Moreen,Sherry,msherrypd@sourceforge.net,Female,161.144.239.242
915,Jehanna,Junifer,jjuniferpe@census.gov,Female,41.31.180.126
916,Casper,Manderson,cmandersonpf@cocolog-nifty.com,Male,122.11.68.121
917,Graig,Halversen,ghalversenpg@sphinn.com,Male,99.102.168.245
918,Elene,Vasyunkin,evasyunkinph@nationalgeographic.com,Female,25.183.106.52
919,Alden,Cardoe,acardoepi@europa.eu,Male,128.66.124.0
920,Carmel,Bampford,cbampfordpj@myspace.com,Female,81.217.204.11
921,Raviv,Paszek,rpaszekpk@dmoz.org,Male,131.96.245.224
922,Tobey,Cotman,tcotmanpl@cafepress.com,Female,56.197.106.183
923,Brenden,McGourty,bmcgourtypm@adobe.com,Male,83.151.147.141
924,Bertie,Willimont,bwillimontpn@moonfruit.com,Female,235.184.133.173
925,Conrad,Caulket,ccaulketpo@wufoo.com,Male,210.30.55.51
926,Marie-jeanne,Amer,mamerpp@usa.gov,Female,172.234.193.201
927,Glenn,Hollyman,ghollymanpq@wp.com,Female,213.209.102.61
928,Deedee,Morgon,dmorgonpr@joomla.org,Female,42.155.16.174
929,Stacee,Rablin,srablinps@amazon.de,Female,69.133.8.4
930,Raeann,McColley,rmccolleypt@list-manage.com,Female,145.203.172.101
931,Zak,Conwell,zconwellpu@woothemes.com,Male,168.155.219.11
932,Royce,Varfolomeev,rvarfolomeevpv@devhub.com,Male,57.105.162.112
933,Kayne,Bedder,kbedderpw@illinois.edu,Male,133.124.237.155
934,Noah,Duncombe,nduncombepx@google.co.uk,Male,201.107.224.82
935,Rodrick,Werrilow,rwerrilowpy@usda.gov,Male,170.134.72.91
936,Marylinda,Daenen,mdaenenpz@woothemes.com,Female,220.205.0.175
937,Ransell,Goodrich,rgoodrichq0@privacy.gov.au,Male,127.89.239.40
938,Perry,Dietzler,pdietzlerq1@nytimes.com,Male,204.39.169.168
939,Heather,Ollerton,hollertonq2@nytimes.com,Female,188.201.71.31
940,Darrin,Prangnell,dprangnellq3@pen.io,Male,127.99.232.183
941,Jean,Creddon,jcreddonq4@wisc.edu,Male,217.163.221.122
942,Galvan,Lade,gladeq5@squidoo.com,Male,11.10.101.208
943,Lannie,Ingles,linglesq6@wp.com,Male,85.90.24.121
944,Cissiee,Cakebread,ccakebreadq7@printfriendly.com,Female,254.220.59.166
945,Gerry,Pulteneye,gpulteneyeq8@rakuten.co.jp,Female,116.207.70.178
946,Robby,Smallshaw,rsmallshawq9@usnews.com,Male,27.217.123.65
947,Bianca,Dunphie,bdunphieqa@imageshack.us,Female,213.236.168.98
948,Latisha,Rudsdell,lrudsdellqb@guardian.co.uk,Female,85.197.198.104
949,Marni,Bergstram,mbergstramqc@purevolume.com,Female,119.183.121.193
950,Cchaddie,Roscamps,croscampsqd@vk.com,Male,202.236.183.51
951,Sarge,Cartlidge,scartlidgeqe@answers.com,Male,3.133.142.207
952,Kipp,Halliwell,khalliwellqf@europa.eu,Male,28.191.221.216
953,Mariska,Lawn,mlawnqg@shutterfly.com,Female,158.4.74.165
954,Stanly,Antram,santramqh@issuu.com,Male,19.60.216.103
955,Louisa,Clarabut,lclarabutqi@boston.com,Female,191.96.235.104
956,Josey,Toffel,jtoffelqj@ted.com,Female,15.29.110.108
957,Dicky,Pellett,dpellettqk@china.com.cn,Male,110.63.196.253
958,Cyrille,Corey,ccoreyql@naver.com,Male,119.33.63.90
959,Travis,Bullocke,tbullockeqm@weebly.com,Male,202.226.25.147
960,Zaneta,Gowdy,zgowdyqn@hatena.ne.jp,Female,23.97.177.39
961,Elora,Connelly,econnellyqo@amazon.de,Female,70.86.217.135
962,Annabella,Ungerechts,aungerechtsqp@deviantart.com,Female,180.22.41.5
963,Harv,Chrystie,hchrystieqq@goo.gl,Male,51.218.137.85
964,Riordan,Sommerlin,rsommerlinqr@soup.io,Male,120.254.86.19
965,Regan,Fransseni,rfransseniqs@wikispaces.com,Female,92.198.75.177
966,Adan,Fillary,afillaryqt@google.cn,Female,42.219.229.228
967,Gauthier,Felce,gfelcequ@ask.com,Male,235.233.225.10
968,Marillin,Stoffel,mstoffelqv@yandex.ru,Female,69.226.56.167
969,Tabina,Gilardi,tgilardiqw@adobe.com,Female,23.174.165.207
970,Verge,Bugg,vbuggqx@newsvine.com,Male,227.128.176.207
971,Joe,Alessandrucci,jalessandrucciqy@goo.ne.jp,Male,83.171.17.179
972,Christa,Linton,clintonqz@yahoo.com,Female,110.128.173.108
973,Cymbre,Bisson,cbissonr0@tripod.com,Female,18.36.89.209
974,Brian,Worg,bworgr1@shareasale.com,Male,195.207.223.23
975,Myrta,Pickburn,mpickburnr2@sohu.com,Female,222.58.185.221
976,Natka,Mithon,nmithonr3@tripod.com,Female,237.132.131.91
977,Rhodie,Arthey,rartheyr4@bigcartel.com,Female,87.181.251.17
978,Haskell,Tschierse,htschierser5@hostgator.com,Male,144.192.174.59
979,Fairleigh,Petti,fpettir6@google.com.au,Male,27.150.153.112
980,Phillipe,Di Giacomo,pdigiacomor7@1688.com,Male,171.11.32.212
981,Cornelia,Roglieri,croglierir8@dagondesign.com,Female,166.12.202.104
982,Bertina,Gergely,bgergelyr9@princeton.edu,Female,50.12.155.13
983,Maiga,Archdeacon,marchdeaconra@indiegogo.com,Female,137.230.25.161
984,Philomena,Hakey,phakeyrb@sourceforge.net,Female,101.248.1.133
985,Allison,Gerlts,agerltsrc@weibo.com,Female,140.15.243.16
986,Amy,Skelly,askellyrd@wix.com,Female,68.220.163.244
987,Trish,Epgrave,tepgravere@slideshare.net,Female,95.252.9.127
988,Syman,Barroux,sbarrouxrf@goodreads.com,Male,232.4.46.66
989,Ravid,Vardie,rvardierg@msu.edu,Male,146.32.119.181
990,Mort,Swains,mswainsrh@canalblog.com,Male,33.198.103.56
991,Cherlyn,Bilham,cbilhamri@answers.com,Female,132.153.86.0
992,Jesus,MacKereth,jmackerethrj@pcworld.com,Male,27.219.232.38
993,Clio,Mouton,cmoutonrk@ustream.tv,Female,253.248.99.216
994,Court,Orta,cortarl@shutterfly.com,Male,152.69.229.59
995,Beltran,Dagleas,bdagleasrm@hp.com,Male,117.100.140.147
996,Dody,Weighell,dweighellrn@fema.gov,Female,255.178.197.120
997,Blake,Colls,bcollsro@mozilla.com,Male,223.226.49.115
998,Lori,Downton,ldowntonrp@yandex.ru,Female,72.46.63.1
999,Madelena,O'Callaghan,mocallaghanrq@fda.gov,Female,55.47.253.33
1000,Candis,Berni,cbernirr@list-manage.com,Female,214.203.27.156
